{"train_losses": [1.8600048598570702, 1.7558146371291234, 1.7338985556211226, 1.715708355108897, 1.707423434043542], "valid_losses": [1.7735300332307815, 1.762256273627281, 1.7491753190755843, 1.7393281638622284, 1.736148265004158], "train_acc": [0.35575, 0.39085, 0.40155, 0.4085, 0.4106], "valid_acc": [0.3846, 0.3933, 0.3901, 0.4053, 0.4008], "test_acc": 0.3965, "exp_name": "exp1_bn_weight_init", "in_dim": 3072, "out_dim": 10, "hidden_dim": 256, "act": "relu", "n_layer": 1, "dropout_prob": 0.2, "use_bn": true, "use_weight_init": false, "optim": "Adam", "epoch": 5, "batch_size": 256, "learning_rate": 0.001}