{"train_losses": [2.097700815170239, 1.830778406216548, 1.7661508061946967, 1.7213445871304243, 1.7045077742674413], "valid_losses": [1.9374387979507446, 1.8747552901506424, 1.766766145825386, 1.7722256004810333, 1.743939718604088], "train_acc": [0.3237, 0.3722, 0.389425, 0.4081, 0.411175], "valid_acc": [0.3396, 0.3612, 0.3961, 0.3849, 0.4055], "test_acc": 0.3974, "exp_name": "exp1_bn_weight_init", "in_dim": 3072, "out_dim": 10, "hidden_dim": 256, "act": "relu", "n_layer": 1, "dropout_prob": 0.2, "use_bn": false, "use_weight_init": true, "optim": "Adam", "epoch": 5, "batch_size": 256, "learning_rate": 0.001}