{"train_losses": [2.0939594476650925, 1.833779215048521, 1.7692903891587868, 1.7248762937692494, 1.7055270167497487], "valid_losses": [1.868565347790718, 1.903391283750534, 1.7990365624427795, 1.7562865555286407, 1.7628679364919662], "train_acc": [0.328625, 0.3745, 0.391125, 0.4061, 0.413875], "valid_acc": [0.3647, 0.3561, 0.3826, 0.3934, 0.4023], "test_acc": 0.3894, "exp_name": "exp1_bn_weight_init", "in_dim": 3072, "out_dim": 10, "hidden_dim": 256, "act": "relu", "n_layer": 1, "dropout_prob": 0.2, "use_bn": true, "use_weight_init": true, "optim": "Adam", "epoch": 5, "batch_size": 256, "learning_rate": 0.001}