{"train_losses": [1.8677097429067662, 1.754199037185082, 1.7289304870825548, 1.7172026007603376, 1.7077046258327289], "valid_losses": [1.775644439458847, 1.7564593017101289, 1.742427545785904, 1.7755600959062576, 1.7336579382419586], "train_acc": [0.3551, 0.394425, 0.4025, 0.407625, 0.410425], "valid_acc": [0.3826, 0.4012, 0.4012, 0.3923, 0.4113], "test_acc": 0.3977, "exp_name": "exp1_bn_weight_init", "in_dim": 3072, "out_dim": 10, "hidden_dim": 256, "act": "relu", "n_layer": 1, "dropout_prob": 0.2, "use_bn": false, "use_weight_init": false, "optim": "Adam", "epoch": 5, "batch_size": 256, "learning_rate": 0.001}