{"train_losses": [0.6059449351899071, 0.24136291563284262, 0.19042843727557832, 0.16696765208652264, 0.14951964728392575], "train_r2_scores": [0.6578021767624356, 0.8637384826449103, 0.892500285425145, 0.9058109128012949, 0.9156009051896998], "val_losses": [0.43034740074260813, 0.20584526255324082, 0.18144099575442238, 0.17453692088256012, 0.13872335166544528], "val_r2_scores": [0.757553182888061, 0.8840579917117029, 0.8979243747224412, 0.9018503419158453, 0.9218079977727108], "train_r2": 0.9156009051896998, "val_r2": 0.9218079977727108, "test_r2": 0.9116117099989051, "exp_name": "Model_skipconnection", "in_dim": 58, "hidden_dim": 64, "out_dim": 1, "n_layer": 3, "n_block": 2, "sc": "None", "batch_size": 512, "epochs": 5}