{"train_losses": [0.6391491160193323, 0.18073359007164552, 0.14114939682044003, 0.12142787185345312, 0.10110118465335197], "train_r2_scores": [0.6400988568184237, 0.8979184989173263, 0.9203030030547371, 0.9314405098586505, 0.9429973058030318], "val_losses": [0.26251284939211766, 0.14844574799408783, 0.1749172559058344, 0.11610215580141223, 0.10369771396791613], "val_r2_scores": [0.8523942829155798, 0.916660247143595, 0.903019087479661, 0.9349534320942707, 0.9420000111831257], "train_r2": 0.9429973058030318, "val_r2": 0.9420000111831257, "test_r2": 0.9324327851366164, "exp_name": "Model_skipconnection", "in_dim": 58, "hidden_dim": 64, "out_dim": 1, "n_layer": 3, "n_block": 2, "sc": "gsc", "batch_size": 512, "epochs": 5}