{"train_losses": [0.5287543061001673, 0.1879684307502703, 0.1467097084331875, 0.13125360476653386, 0.1155231589940111], "train_r2_scores": [0.7030444678128026, 0.8937629214870294, 0.9171500462410358, 0.9260248800005124, 0.9348063957989335], "val_losses": [0.47857084387057536, 0.15236149526931145, 0.1966896242386586, 0.11387883549606478, 0.10327390520959287], "val_r2_scores": [0.7317068435113749, 0.914312355129756, 0.8905841992757129, 0.9358858747077659, 0.9418068228793582], "train_r2": 0.9348063957989335, "val_r2": 0.9418068228793582, "test_r2": 0.9383951087713327, "exp_name": "Model_skipconnection", "in_dim": 58, "hidden_dim": 64, "out_dim": 1, "n_layer": 3, "n_block": 2, "sc": "sc", "batch_size": 512, "epochs": 5}